id,first_name,number
1,Moll,+504 282 300 8357 00000000
2,Sibelle,+7 690 515 9416 00000000
3,Kath,+55 602 334 1593 00000000
4,Orazio,+46 693 145 00000000
5,Garald,+251 547 929 00000000
6,Wes,+86 430 219 00000000
7,Jordon,+62 443 981 00000000
8,Lissy,+86 305 937 00000000
9,Giulia,+7 144 364 00000000
10,Barris,+358 873 918 00000000
11,Delly,+380 581 789 00000000
12,Abagael,+84 345 928 00000000
13,Ban,+251 899 439 00000000
14,Idelle,+63 365 888 00000000
15,Hope,+55 294 755 00000000
16,Taddeo,+86 979 628 00000000
17,Annabell,+56 480 707 00000000
18,Nicolea,+254 792 818 00000000
19,Julieta,+86 485 495 00000000
20,Carling,+351 892 513 00000000